Sum of Best Solution Cost,Column Labels,,,,,,,,,,,,,,,,,,,,,,,,,,,,,,,,,,,,,,,,,,,,,,,,,,,,,,,,,,,,,,,,,,,,,,,,,,
Row Labels, P-n20-k2, P-n50-k7,A-n32-k5,A-n33-k5,A-n33-k6,A-n34-k5,A-n36-k5,A-n37-k5,A-n37-k6,A-n38-k5,A-n39-k5,A-n39-k6,A-n44-k6,A-n45-k6,A-n45-k7,A-n46-k7,A-n48-k7,A-n53-k7,A-n54-k7,A-n55-k9,A-n60-k9,A-n61-k9,A-n62-k8,A-n63-k10,A-n63-k9,A-n64-k9,A-n65-k9,A-n69-k9,A-n80-k10,B-n31-k5,B-n34-k5,B-n35-k5,B-n38-k6,B-n39-k5,B-n41-k6,B-n43-k6,B-n44-k7,B-n45-k5,B-n45-k6,B-n50-k7,B-n50-k8,B-n51-k7,B-n52-k7,B-n56-k7,B-n57-k7,B-n57-k9,B-n63-k10,B-n64-k9,B-n66-k9,B-n67-k10,B-n68-k9,B-n78-k10,P-n101-k4,P-n16-k8,P-n19-k2,P-n21-k2,P-n22-k2,P-n22-k8,P-n23-k8,P-n40-k5.vrp,P-n45-k5,P-n50-k10,P-n50-k8,P-n51-k10,P-n55-k10,P-n55-k15,P-n55-k7,P-n55-k8,P-n60-k10,P-n60-k15,P-n65-k10,P-n70-k10,P-n76-k4,P-n76-k5,Grand Total
results03_shift1.csv,299.9154759,884.1272833,1076.272601,822.8250288,811.5325693,1040.403727,992.1797546,944.9817571,1262.366675,1259.70613,1306.127206,1113.380566,1418.036067,1330.921322,1358.961804,1095.061813,1351.383551,1660.6643,1689.979251,1506.102427,1734.2648,1529.752104,1926.672388,1706.202001,2088.217692,1930.742858,2008.865514,1685.990706,2450.88928,729.881294,907.9100288,1091.143031,954.4338778,723.521496,1237.403752,854.169033,1181.225901,1154.897885,973.7531367,931.5556816,1535.880506,1544.770147,1006.186425,906.4370368,1708.723339,2044.616848,2113.239054,1142.764454,2067.28726,1423.911978,1827.137011,2075.323793,1300.968771,451.9470921,316.7163861,296.7772265,371.3919009,641.1183822,572.1408641,554.0198173,669.0523937,890.1786207,757.4727496,949.5156641,924.4667142,1206.842073,748.8944892,750.2165868,950.0415706,1208.779504,1103.15156,1118.171722,1429.652085,1209.394037,88843.60983
results04_twoOpt.csv,259.7989882,711.7125892,1058.050929,856.3593691,970.5936243,1019.056801,1176.378834,1006.629552,1141.887882,1049.158924,1227.827405,1120.16718,1358.567825,1429.397114,1406.07279,1219.542834,1415.907044,1540.999776,1682.074103,1491.237697,1733.302185,1392.692621,1925.342833,1764.035964,1967.701549,1902.273563,1700.655888,1630.655186,2673.297569,767.6578487,1031.644432,1314.461263,937.0863417,724.9910437,1080.045013,979.5434903,1217.87133,1274.33787,1003.758755,1181.030883,1487.833152,1492.514006,1268.426154,1271.829335,1786.863442,1964.391267,1941.20935,1475.786075,1719.303718,1476.338329,1665.840968,1907.24897,1571.045036,454.3983428,304.0243476,300.4767621,309.1330055,631.3242893,568.6306853,656.7278886,736.5057672,907.5408713,761.9597689,1002.184118,941.8699535,1102.797563,909.5472093,822.3182727,983.4847204,1134.206032,1113.058129,1106.244774,1243.482871,1166.774851,89529.12692
results05_twoOpt_adaptivePa.csv,285.534195,760.9712799,1272.457403,882.2276385,923.4849424,924.9942889,1019.860685,893.5245852,1151.604703,991.4446568,1058.031359,1121.224614,1294.523206,1203.43761,1412.759344,1175.472241,1344.087445,1360.729848,1612.669234,1502.524676,1825.381197,1423.102239,1901.074409,1716.747755,2153.30837,1929.907403,1724.384422,1920.695197,2590.401278,846.1098935,983.4815465,1164.380033,1001.715799,1001.987944,1168.620117,886.6897962,1062.69297,1166.42415,913.0867218,1061.291906,1558.943784,1364.022604,1190.646072,1082.529959,1626.676233,1988.785441,2147.663793,1351.492251,1660.767813,1626.7535,1716.519361,1824.046542,1448.822241,464.0690944,297.4976277,290.6965048,295.4191642,608.2924868,575.9825802,716.2642193,738.3003036,875.0432151,768.8471493,979.1955321,829.3832834,1109.974795,737.6841612,838.5721458,1033.350842,1154.384037,1079.460308,1157.653499,1065.236233,1203.96706,88039.99093
results06_swap21.csv,316.0353637,734.7294776,953.709551,875.8434336,847.3034299,962.590687,1020.417151,912.531276,1123.497026,943.3141571,1084.014271,1150.859039,1207.28449,1214.090596,1402.855774,1204.793916,1451.927901,1474.570428,1491.433693,1326.76712,1705.814121,1473.699921,1806.276269,1885.121584,1966.693209,1886.391777,1596.772044,1657.702825,2465.840049,718.9649213,934.6016196,1076.61279,887.2369424,651.4292172,991.1046063,862.6477788,1115.967193,940.9090305,892.3493944,946.4980662,1689.354546,1179.945596,953.6005696,939.5348525,1474.753963,1964.36726,2110.743078,1159.71266,1723.729711,1443.551962,1686.108658,1776.472043,1306.613026,454.3983428,290.1354097,291.6041237,270.5173002,633.9202016,576.6095674,598.219834,795.889161,873.8809084,840.187785,917.5695511,833.7740879,1096.229558,777.8262168,888.2645839,1001.871965,1175.21711,978.8818733,1073.07188,1090.107916,1012.921134,84040.78858
results07_swap22.csv,307.7659288,956.7622385,1137.933653,914.2702231,983.0136458,1035.777419,1112.274569,999.0938849,1284.319448,1073.020152,1395.889961,1223.807008,1364.482154,1556.715728,1380.347927,1245.585625,1467.731454,1515.176482,1572.004062,1589.980578,1893.451118,1570.024227,1839.330406,1936.993432,2262.928735,2007.696345,1806.184491,2075.631719,2445.2146,758.1218045,1117.019305,1173.967242,936.9574147,920.3879272,1086.547345,1051.274391,1161.180817,1352.383703,983.5140595,1236.451381,1590.262478,1587.989715,1268.298799,1074.364966,1589.72611,1925.300638,1965.809832,1374.949173,1798.86752,1365.526853,1844.506314,1823.509848,1534.931465,481.7225078,294.4755877,330.4735964,295.8233626,707.4565678,597.7281671,743.9685545,726.0586366,970.8789019,839.427004,990.71274,1012.894963,1178.976213,812.388583,815.3691943,1008.973925,1342.077834,1174.040557,1249.922149,1019.162477,1129.158542,92196.94638
results08_doubleBridge.csv,348.6745151,855.3860227,1246.329819,952.7593825,1073.211343,1099.686365,1180.36287,1250.774353,1323.031732,1170.234649,1210.543952,1257.566092,1429.906944,1531.525595,1528.43624,1576.155383,1575.457615,1677.250523,1654.391648,1686.151655,2047.060451,1704.434644,2077.124913,1971.59339,2426.005534,2135.607741,1929.177769,1903.807804,2826.335193,899.4257647,1010.346553,1316.977005,1135.03328,1121.180836,1144.318065,1075.017869,1229.326311,1273.759572,1016.783531,1275.707,1608.611415,1583.274723,1287.90154,1195.836025,1961.57906,2052.452065,2086.455653,1445.207992,2025.301951,1807.792651,1915.112038,2037.481246,1699.959829,466.1807628,349.5664007,360.9500218,363.9139086,638.6123095,572.971226,702.2635865,900.8952734,964.4732,897.5152777,1036.097368,1029.402593,1223.162786,874.7602926,978.9440319,1049.36162,1299.410508,1257.920795,1356.601007,1273.444948,1363.776268,98814.0503
results09_shift1.csv,363.5506153,703.0074031,974.668472,754.9884125,938.1600697,887.7355105,930.2946506,916.5865652,1339.798524,1389.256586,1235.743861,1169.63063,1918.676461,1479.556254,1281.177556,1204.263911,1310.994896,1796.812661,1821.970862,1434.182268,1785.203128,1654.136326,1817.663579,1730.778328,2126.325559,1912.429931,1541.313155,1768.589662,2507.78124,855.1535152,833.323229,1120.305145,934.7608648,672.1503798,1189.451598,931.0339966,1136.774108,1285.464544,875.8055727,1031.447466,1523.148786,1323.740464,1037.489789,1137.278077,1639.968154,1863.779996,2014.782266,1228.69405,2338.056273,1504.482153,1795.367419,1736.058429,1324.640815,463.3857706,339.4048269,304.6989323,342.5460924,645.5321396,550.0902957,635.5577425,645.4205235,840.613177,785.3001904,969.4688676,957.8609719,1120.006791,749.0057755,834.4592403,1086.390829,1203.276845,1064.117341,1073.771285,1080.285996,1292.754465,89012.38226
results10_shift2.csv,301.4099619,785.0881038,1087.260842,915.612436,1120.889017,1387.352397,1118.309877,898.7315917,1309.634365,918.7793807,1500.329811,1121.190058,1550.758234,1486.564349,1703.873726,1172.183227,1473.245576,1479.048079,1550.904168,2563.671789,2171.219613,1510.354353,2185.448739,2339.333883,2381.911491,2632.586153,1846.38803,1866.109537,3252.926634,742.8773737,1076.118917,1240.118035,1134.130337,698.9564755,1022.670359,923.4817799,1299.57629,1017.764943,836.2433823,1229.363819,1710.983551,1570.800403,992.4408102,1199.286052,1440.184062,2103.391271,2264.337064,1490.100796,1835.672464,1409.035907,2346.493735,1675.573191,1199.646501,484.6276396,321.7611984,345.0481067,387.5308224,709.4203659,627.3465322,659.3585378,1047.399802,968.5725518,959.3278963,1034.713619,1142.714713,1517.892998,766.5258253,1051.731652,1098.111661,1508.027601,1133.898812,1206.905965,1121.207365,962.8715943,97145.3582
results11_exchange.csv,286.9539345,1020.175048,1241.858788,1168.924399,1155.310927,1173.455475,1306.375188,1157.665928,1491.305094,1417.034379,1322.142014,1418.75207,1636.658486,1925.892853,1719.65689,1664.445222,1701.769346,2048.636009,2089.271499,2091.260515,2414.768209,2234.615661,2345.948282,2649.617433,2828.39377,2393.366148,2583.061337,2501.733014,3012.006115,1000.037178,1261.839886,1374.951055,1347.76675,1219.87408,1539.979455,1316.657562,1585.546658,1400.00483,1216.724581,1587.051232,1977.106022,2172.369041,1617.179573,1986.416895,2249.698748,2436.574113,2541.781423,2145.299615,2313.773843,2178.778937,2378.66534,2685.721088,1671.594877,478.7534915,272.9379927,284.9106818,272.3422993,723.7990899,609.5976017,870.4369277,938.0252025,1211.804208,1185.579488,1391.897617,1289.105706,1545.648585,1164.454969,1115.753378,1449.251462,1718.082002,1548.923349,1711.563105,1365.046787,1314.041651,117668.4024
results12_reinsertion.csv,269.1242566,1050.775481,1274.009145,1162.910794,1247.911068,1205.694591,1286.023248,1210.20037,1418.834644,1258.783454,1391.465861,1467.395104,1598.254053,1882.722485,1805.811312,1633.456566,1696.83009,1949.305699,1835.642589,2084.810736,2475.240447,2045.402993,2166.791236,2342.089616,2578.130329,2343.107599,2383.964239,2516.507173,2929.198603,903.4861622,1159.64243,1521.849702,1326.648731,1300.019081,1564.398264,1223.696503,1458.334094,1422.540657,1214.466113,1832.066832,2010.181715,2149.510362,1473.473719,1594.527176,2327.063113,2413.68749,2695.784231,2123.090685,2249.448586,2158.050064,2503.280772,2386.42615,1470.52344,456.9528159,277.0087534,237.9078417,279.3545333,713.1277883,634.2306669,826.6361463,948.4922692,1301.157262,1208.027816,1374.898649,1307.766644,1597.174727,1062.882399,1068.19578,1386.675399,1775.921314,1537.399712,1705.611793,1154.343528,1227.352012,115073.7077
results13_orOpt2.csv,264.8825995,1096.577484,1291.843427,1235.998082,1297.168383,1237.998167,1351.656292,1171.978928,1523.735499,1482.964466,1345.316022,1498.272696,1528.07047,1913.833483,1752.547892,1591.648222,1797.466382,1915.8863,1974.812209,2173.741233,2452.146392,2002.442658,2460.701629,2592.848381,2619.81059,2470.032065,2523.729208,2457.21107,3419.604966,861.909557,1302.383389,1618.927168,1352.340421,1267.596546,1475.740157,1260.238607,1427.485439,1509.715696,1228.323396,1668.615475,1858.787034,2323.039251,1790.005209,1646.018061,2394.080278,2643.601563,2911.868098,2169.766546,2377.809337,2282.180422,2473.540981,2635.745796,1411.32951,468.095747,259.1064094,308.1739838,317.8147272,713.2664914,641.3730184,831.75537,1015.148536,1305.648518,1145.248261,1458.928996,1345.470881,1523.789297,1192.337233,1176.67829,1458.686005,1724.349206,1701.332571,1745.556732,1164.343737,1408.537667,119241.6148
results14_orOpt3.csv,286.9577618,980.7047589,1461.98072,1202.161503,1232.47179,1323.415301,1326.009103,1327.814157,1501.441164,1359.514221,1398.328034,1652.487878,1648.905842,1706.093596,1862.853045,1757.530171,1990.342355,2063.25885,2033.290975,2277.383763,2716.112483,2213.210104,2508.285669,2562.598717,2936.8469,2500.358947,2857.195875,2699.245771,3411.350632,888.8970066,1265.540753,1551.986944,1363.654237,1234.518796,1607.357379,1317.404388,1612.09698,1564.400113,1257.668907,1865.986174,2007.27755,2447.551368,1769.591102,1763.611918,2306.858868,2605.861956,3093.580882,2413.511495,2300.726776,2377.099096,2393.739073,2812.374775,1521.475754,474.0652155,269.4220453,273.5403384,317.9590527,744.7094329,629.3671397,801.5362157,996.5805944,1375.575888,1233.112342,1478.695565,1289.954353,1574.545384,1140.606134,1159.709325,1546.442967,1709.138039,1518.071384,1756.46767,1220.388887,1439.669081,123090.4794
results15_twoOpt_doubleBridge_levy4_5..csv,299.0871513,807.3680483,1048.534681,915.4907341,926.5861525,991.4143401,1039.499211,810.1282567,1241.073903,1065.349302,1090.101436,1208.947407,1307.22404,1279.717485,1408.94629,1301.775326,1300.594562,1460.971478,1560.607726,1371.285242,1724.320353,1358.900113,1699.408074,1704.323309,2054.694247,1778.243972,1595.38045,1562.539757,2468.918325,750.5265421,884.331114,1147.871001,1103.895983,700.4501103,1106.362399,1101.937125,1249.329241,1203.937512,887.6955749,1066.98405,1474.316816,1355.319811,1107.013238,979.6431748,1571.129336,1891.063702,2011.566224,1232.831603,1769.569688,1411.416768,1775.328229,1765.992887,1312.47537,454.0587605,292.6631055,232.1587561,292.2356309,623.8766698,557.5015916,675.8904145,776.3811041,841.4911022,786.0873935,928.4403678,815.6700037,1102.588348,774.6357589,787.0734585,990.8387554,1151.872578,1054.667786,1157.488515,1081.662555,966.3556311,85586.05716
results16_swap21_levy6.csv,285.2363001,758.288691,929.0227751,843.6674063,969.241642,973.930944,1006.776611,872.2705091,1128.255562,903.5620566,1123.856428,1088.60577,1202.715088,1262.816569,1384.977668,1185.218398,1343.354533,1323.575284,1558.616638,1386.511056,1632.315262,1458.276702,1699.65051,1648.005464,1937.223661,1745.096132,1521.986197,1546.967816,2300.557856,727.1391432,922.8084945,1130.099051,898.9836132,652.2971676,1044.707003,907.4607899,1108.181835,977.7875994,828.7957209,886.2460114,1560.602926,1176.426052,952.1070628,842.1902579,1459.080239,1775.089264,1890.983023,1062.797745,1679.617673,1404.182227,1504.702005,1655.687023,1204.920329,476.233363,271.4798138,299.0657316,336.0428866,619.6883582,556.7022644,603.3873759,769.8540051,842.6331437,758.5422795,903.1187008,886.7153775,1032.975035,759.3102141,783.5480019,979.9826842,1166.071589,1089.783826,1091.515194,1009.617092,979.4362614,81489.17498
results17_shift1_levy6.csv,331.8438516,710.7899392,856.4467877,843.2996979,981.6805272,1015.29014,899.6155723,857.256313,1423.234797,974.2743031,1193.474352,1126.658519,1102.643485,1202.366605,1338.474363,1095.319926,1207.496462,1457.828624,1495.635234,1390.490949,1797.420085,1286.237965,1733.589368,1587.942043,2111.408375,1896.539195,1537.778583,1794.923241,2196.289133,761.9572375,952.7106912,1039.333433,940.8358911,674.0260071,1220.826661,889.6913333,1140.747638,1302.5041,790.1439559,991.7267345,1479.814292,1206.962171,945.185011,957.8773154,1593.952156,1907.507207,1874.435671,1322.367612,1864.183584,1563.273643,1639.264573,1797.82877,1203.526764,463.3857706,346.4759142,257.9956879,310.4681555,650.8967255,557.3011111,601.2341521,722.9944154,805.5452301,701.6618437,861.5410127,815.291404,1289.129867,667.1474862,678.0423383,1313.684922,1134.887813,1140.579584,1259.880801,1064.283359,1434.156753,84583.51523
results18_twoOpt_levy6.csv,294.3498857,759.4966237,1104.549291,779.9528335,999.8917019,905.8301585,1022.246861,981.5245727,1151.147037,1045.188057,1148.970018,1096.523392,1309.846747,1450.698805,1398.269491,1392.586142,1374.511863,1519.443114,1533.492537,1399.851577,1697.806396,1443.06323,1833.99756,1948.243057,2090.166435,1773.71463,1758.898559,1604.806495,2266.612301,750.758804,1003.130703,1178.881238,881.349004,802.4055701,1224.545152,916.7997006,1146.924317,1145.303096,896.7655901,1006.672846,1561.713039,1675.755033,1061.127846,1051.309059,1610.897788,1988.517343,2063.828982,1240.675154,1619.268486,1563.307754,1653.009415,1704.595848,1364.406718,480.1944672,265.4420288,275.8911547,319.1189982,629.4337081,569.3546266,635.5463804,667.962024,858.956551,764.8046455,844.9754446,918.9217512,1107.418722,812.3128812,780.6008815,957.4089828,1137.667078,1117.227955,1121.797776,1022.746155,1067.851546,86553.26161
results19_twoOpt_swap21_5050_levy6.csv,278.7591985,676.9447949,920.1005598,797.0470977,943.5296298,856.0397467,963.1594066,852.6814844,1093.096871,933.829699,924.414174,1153.963983,1187.634903,1172.470249,1339.828706,1169.724054,1269.740113,1486.028398,1421.582103,1249.283737,1684.361529,1267.488168,1655.312533,1580.396454,1921.201297,1819.938354,1562.052,1591.97971,2216.69537,711.1032791,919.0392311,1009.709842,920.3206612,697.3998589,1080.172518,910.6157631,1047.676723,860.3545056,800.5571996,1012.241949,1412.42903,1233.105376,961.5275283,825.8767152,1479.431262,1778.462615,1798.148357,1069.985988,1626.241315,1278.137034,1477.938036,1607.674967,1141.496154,451.9470921,270.2853944,249.615338,280.5208187,628.999623,558.6834553,603.7892342,657.998379,798.7190797,716.1284428,855.8004418,822.3092896,1007.549984,715.9392955,743.0828749,907.028544,1129.840837,976.2798503,985.7176229,995.3157917,957.5585015,78962.04012
results20_twoOpt_shift1_5050_levy6.csv,304.958684,653.5035113,886.4577831,774.9245029,860.9597271,873.3873454,958.8163833,850.5636281,1104.437101,916.2926668,935.9910561,1021.33782,1165.606854,1144.830374,1299.72829,1151.80118,1269.5003,1381.593616,1521.203176,1302.794281,1764.224989,1333.896989,1546.406558,1600.947853,2041.679567,1746.91028,1483.539366,1483.563987,2278.964347,735.7904705,837.3153072,1086.307802,853.3394297,768.3006995,1061.059342,872.6574998,1071.402152,971.2785744,839.6640958,995.72102,1454.674475,1132.908695,941.3789509,817.2020039,1455.896657,1878.397796,1759.548555,1064.092726,1613.679377,1300.997146,1516.762906,1647.781264,1319.245189,451.3350802,274.5556222,244.3076636,306.3823296,637.5847366,541.4114678,569.1823718,640.9020914,840.5487064,739.2230358,841.8544454,823.4586329,1076.81982,673.7521186,751.4436334,891.6045427,1083.44814,933.5739224,1027.453659,966.3746543,917.0607753,78886.5018
results21_swap21_shift1_5050_levy6.csv,275.0686961,654.0127287,851.0796825,790.3164311,825.4893491,879.7823569,899.5245246,786.7730635,1059.709662,909.7642572,1039.66535,970.1841259,1205.33495,1144.401648,1259.441801,1160.224175,1244.705895,1271.636367,1385.402216,1282.812274,1678.35516,1227.239966,1529.374175,1683.508949,2038.702042,1750.57435,1497.981133,1421.215536,2160.607919,696.4271683,806.9546486,1045.080752,871.4846252,591.2873191,953.426521,848.2514139,1030.585224,1158.633785,792.8506491,917.5634636,1392.871897,1351.62415,868.0620655,829.2763587,1402.262547,1793.281552,1650.995863,1087.46976,1634.643169,1264.330257,1468.525,1543.839221,1170.203568,455.0309969,281.4350115,266.1789057,275.3676269,628.111715,545.3624343,600.2298169,597.8486023,827.9420987,671.9950387,861.2744413,798.2086061,1112.456025,695.6817312,730.8863004,892.8506204,1128.46276,942.2534106,986.008244,939.7810296,905.3552728,77195.54045
results22_swap21_doublebridge_levy4_levy5.csv,287.1056039,730.7444231,1037.286091,827.7982477,906.1520224,982.2806936,976.0463308,856.8854785,1115.55318,864.7103962,1040.617832,1117.691789,1140.333775,1181.03279,1375.219795,1166.903072,1366.580465,1481.225073,1466.342471,1360.87953,1715.626437,1269.420017,1798.648204,1593.151549,1980.379466,1731.13905,1651.789159,1494.659553,2414.030087,764.7213716,909.2352391,1056.13984,900.3410491,704.9075791,1001.391778,888.5393852,1091.108193,902.2635508,840.3245304,907.5723523,1415.021562,1174.296351,1013.383731,894.034475,1313.763602,1906.012429,1806.619128,1027.477216,1605.774375,1360.256751,1571.017067,1517.404537,1232.325714,473.7821124,277.6978257,264.9894377,360.7944788,626.933236,576.2874305,629.4829983,700.9754091,835.9659596,750.1566029,911.4259241,860.6066399,1103.869466,752.7972287,766.8803315,896.4778586,1202.042645,943.4745036,1045.488807,937.2253423,1019.715515,80671.23414
results23_twoOpt_shift2_5050_levy6.csv,295.8903535,694.1258426,898.6055647,735.1447352,968.2176952,933.0608007,993.9852956,836.8748982,1186.659869,913.4618382,1057.849932,940.9251561,1238.467702,1172.421602,1438.893175,1051.045722,1265.915661,1342.492933,1649.289139,1308.167859,1687.10131,1308.83201,1724.021911,1769.179232,2078.879934,1772.774821,1515.737555,1482.593381,2273.70772,720.9285902,827.6665102,1026.171839,885.9844749,782.715224,972.3391402,826.6325031,1052.345754,871.1520224,755.6357005,893.8385242,1391.046118,1242.642835,926.3383399,1019.914548,1440.132143,1761.591868,2037.186102,1179.50364,1716.784257,1373.868492,1586.880159,1614.75166,1072.061475,464.4304765,270.8887836,325.0768289,263.0728725,653.0183802,553.0602237,556.9693613,676.1202513,798.062603,758.3153466,823.4403375,831.7255537,1034.582184,705.8481561,802.6950181,912.4468274,1157.772863,1046.531925,1013.712484,840.8885266,907.0681722,79908.16274
results24_swap21_shift2_5050_levy6.csv,290.2663536,741.4712382,1057.104516,831.6060447,871.7862399,947.4229843,954.3809576,765.8418596,1128.948098,954.0044114,1093.771603,969.1387745,1218.11734,1225.779985,1367.331963,1094.807816,1390.780744,1287.129016,1448.184633,1398.85336,1736.424681,1293.312085,1600.696013,1701.270578,2110.505317,1806.9613,1558.842971,1479.446358,2323.010946,712.3905293,857.8800723,1040.001541,891.0685504,649.2339515,1087.983546,860.9229244,1042.537951,827.7795627,780.4854238,825.4085139,1400.571044,1125.129094,856.0133766,794.15066,1423.316865,1857.225913,1855.308499,1083.457022,1739.816375,1294.801353,1498.994292,1558.524816,1259.017066,462.5005694,291.768517,301.2230742,304.5797779,614.6872855,569.1445384,579.5791759,656.8822903,834.0939488,760.7784152,919.4338593,815.7590789,1140.191142,749.3419538,777.1837311,967.4476047,1280.845599,995.53741,1052.384312,1127.972434,956.1489555,80126.7008
results25_twoOpt_reinsertion_5050_levy6.csv,219.1321041,699.7141611,973.5839583,827.5376867,932.3834176,948.2217441,1007.552095,891.9706831,1143.5025,785.0250544,1046.598911,1087.047796,1118.756257,1293.722056,1402.877427,1418.174885,1399.733911,1284.408551,1556.351565,1395.905418,1621.213697,1408.180508,1653.63813,1564.54077,2101.844085,1655.013119,1537.728066,1717.363458,2277.389081,846.7797589,1051.695214,1261.522822,1055.294628,856.5755349,1023.449611,926.5599589,1099.720119,980.7776456,862.3950122,1018.862266,1524.368871,1553.068501,1078.499605,1015.041034,1644.971538,1901.616525,1968.567459,1277.611984,1779.232528,1572.778202,1726.731671,1724.305698,1278.132112,451.9470921,235.0115988,240.9659664,223.908348,680.0326329,563.6238319,618.3985336,663.8962707,837.9524497,785.7006994,874.4552092,820.940073,1067.119387,828.5734313,788.3765733,1046.016809,1104.956547,971.8622665,1118.892855,929.9181193,979.6507828,83829.86887
results26_swap21_reinsertion_5050_levy6.csv,220.0875053,675.2702231,864.3336589,813.3821143,821.2499709,904.6928953,945.1132343,867.121818,1079.480144,843.8829495,1003.055437,1044.123021,1129.374326,1255.619152,1398.295523,1091.070282,1234.730239,1221.612788,1546.19923,1331.62491,1711.908509,1234.760576,1734.808183,1615.94645,1953.582844,1689.470831,1544.929774,1626.525128,2331.329831,759.8157948,951.9556339,1003.741025,865.0628423,704.1328857,1061.747722,897.5138819,1046.37047,903.7890264,855.1444476,972.6992513,1444.899728,1178.984931,1014.95213,821.4463287,1426.151771,1818.005083,1772.197666,1248.871795,1658.831579,1377.35232,1644.460711,1661.066576,1223.561923,473.7821124,238.3835047,235.59194,239.6620597,600.5569764,545.7620017,523.2868396,606.0587919,848.9469997,741.7460666,896.1437737,896.1769431,1030.314272,664.9185835,700.4546426,995.8805265,1124.308941,1028.469052,1120.607248,904.0202955,925.937965,79387.34661
results27_twoOpt_swap21_doubleBridge_5050levy4_levy5.csv,228.7764885,702.7833323,966.9290204,718.9734132,841.1112744,866.2498409,928.3290541,869.6092308,1000.862331,930.6082912,928.1842198,946.7310876,1117.571392,1202.805334,1299.613194,1170.219015,1292.510017,1244.267244,1423.555978,1270.916872,1685.329374,1237.662352,1596.241082,1674.734374,1979.062955,1740.377272,1583.541193,1558.658531,2288.412572,849.9381044,871.7062816,1144.458404,858.9240952,655.7449864,972.4882351,851.2811171,1050.63764,908.9059194,763.0278889,935.1872623,1478.95656,1153.057686,946.295261,941.9254734,1367.271747,1795.232833,1802.471037,1061.7622,1620.718792,1334.211045,1527.421235,1635.85626,1097.323684,451.9470921,242.6323827,240.6603611,230.1517238,620.1296475,547.6300161,550.1264911,617.0017605,809.9244345,729.4148582,855.1747724,812.8030074,1084.054428,741.382984,757.6734903,967.2899617,1082.949793,1072.869883,1133.803924,866.8899816,1025.42968,78359.37076
results28_swap21_shift1_doubleBridge_5050levy4_levy5.csv,271.889325,643.2078659,943.8969786,750.6566039,858.0198509,876.7797208,949.2977634,818.9944797,1087.266725,900.8587348,988.2181979,999.7241424,1173.597304,1128.496692,1347.25667,1030.676928,1273.113324,1276.615449,1475.281899,1254.316194,1634.346542,1261.351403,1647.595678,1623.906501,1936.483679,1822.200145,1480.888381,1520.301789,2183.986307,700.1015182,873.4920746,1037.699417,852.1889986,627.3260995,935.4592403,888.0034215,1045.928064,867.4297291,879.2103834,912.8707407,1481.176713,1227.43346,860.0969262,809.1112046,1454.167127,1769.552474,1875.797411,1209.252566,1598.793846,1190.532048,1557.859404,1647.999017,1172.076551,451.3350802,250.1802166,241.4850098,296.7419428,603.3145457,541.5680521,504.6106938,570.2387267,788.4531916,749.8631595,904.3448094,786.538347,1082.970343,686.2858832,659.383087,926.6640892,1093.911369,991.2522999,1034.836953,931.8226969,1055.972023,77784.55623
results29_swap21_reinsertion_doubleBridge_5050levy4_levy5.csv,237.1612261,715.0558803,904.5992463,752.4660675,903.6299808,902.2589504,936.89055,737.7510923,1051.080706,892.568538,1011.455499,974.8044246,1005.988509,1114.479877,1347.587682,1038.964649,1232.186353,1247.782649,1353.500719,1366.0767,1680.391874,1382.062775,1658.55838,1705.804428,1992.426713,1719.69303,1544.430674,1497.756904,2256.226492,707.3625458,827.2067354,1011.070933,984.229812,645.7678157,954.9467033,860.3876937,1035.926894,858.3079772,798.6642849,998.7516987,1379.321001,1377.358133,912.5218899,963.7782068,1293.998547,1835.961513,1903.042876,1152.574558,1722.358722,1294.062247,1596.217317,1712.660846,1182.566893,451.9470921,248.1806481,212.7115397,255.9847453,623.7608468,537.9392435,587.366978,643.0532726,848.8205662,698.2434491,866.722563,844.752485,1079.953987,680.2839544,766.9923254,925.9721245,1118.064593,1048.389711,1036.75983,854.5523533,1006.038182,78509.1769
results30_swap21_orOpt2_doubleBridge_5050levy4_levy5.csv,251.9978035,711.6604467,968.1134553,739.8061058,894.4095736,1006.372903,915.1736889,822.2383451,1159.992405,973.3289676,1068.137443,971.979915,1180.149927,1148.684855,1422.715341,1144.763655,1265.414961,1452.029083,1393.218397,1376.352007,1599.520849,1415.561917,1785.347973,1796.520511,2130.916418,1854.569223,1593.247347,1507.536762,2322.625826,714.4921552,830.586089,1142.90876,928.1591803,675.0529085,972.8806177,838.0321322,1151.219454,849.0073534,798.6472594,816.6045486,1497.16609,1381.140504,1061.243396,832.8138097,1422.438411,1822.528726,1911.667466,1077.978523,1613.923549,1439.091792,1596.347106,1560.476499,1146.524454,451.9470921,235.0308819,265.6038983,265.0619263,618.331822,592.0234182,581.5918186,620.6211636,807.1372555,762.8780747,899.6211948,830.4295873,1106.523942,731.176838,704.8780902,920.5793914,1166.444574,1071.338594,1084.008318,931.2321831,976.2361969,80576.01315
Grand Total,12738.47827,34021.64186,45987.85543,38451.55295,41815.76338,44017.89814,46451.47829,40786.52981,53704.82263,44596.77175,49972.76553,49710.75847,56452.86296,58141.2305,63322.00501,54349.63812,62211.25919,64149.30551,68879.96827,65524.73321,80008.05327,63686.1976,79298.93549,79813.78403,94740.23279,83754.99878,75093.26892,74932.08354,108850.3377,35012.34412,44781.65713,52510.83817,44182.16608,34213.20818,49514.32719,42075.89672,51879.70612,46678.26675,39975.11622,46729.45212,70249.22556,64425.53654,47570.04594,45411.63304,71279.38361,87855.64139,90196.61333,57119.11124,79330.9812,65619.80107,76637.16178,78468.7627,53726.13534,21877.42646,12327.45727,12470.03575,13199.8103,29400.96105,26585.11445,28206.65335,31950.03663,40129.17504,36510.19154,43454.28775,40718.447,52314.83703,34946.19099,35917.0961,45470.60519,55046.26181,48615.8789,51246.80639,43971.05531,45767.15985,3861033.711
